,Product Name,Price,Rating,Review Count,Link,Image link
1,Comfy Retro Men Tshirts,235,3.5,2937,https://www.meesho.com/comfy-retro-men-tshirts/p/ke2e3,https://images.meesho.com/images/products/34248603/jik0h_400.jpg
2,Classic Fashionista Men Tshirts,165,3.7,632,https://www.meesho.com/classic-fashionista-men-tshirts/p/1pav06,https://images.meesho.com/images/products/102963318/opgux_400.jpg
3,Mens Stylish Casual Cotton Solid T-Shirts Vol 4,204,3.8,28735,https://www.meesho.com/mens-stylish-casual-cotton-solid-tshirts-vol-4/p/k5so,https://images.meesho.com/images/products/940632/1_400.jpg
4,Urbane Fashionista Men Tshirts,226,3.7,4360,https://www.meesho.com/urbane-fashionista-men-tshirts/p/pkr98,https://images.meesho.com/images/products/42958844/pejif_400.jpg
5,Pretty Fashionista Men Tshirts,245,3.8,1338,https://www.meesho.com/pretty-fashionista-men-tshirts/p/ryct1,https://images.meesho.com/images/products/46952533/x6j4i_400.jpg
6,Stylish Partywear Men Tshirts,218,3.7,1391,https://www.meesho.com/stylish-partywear-men-tshirts/p/15wv47,https://images.meesho.com/images/products/70397575/kwfpc_400.jpg
7,Trendy Designer Men Tshirts,245,3.6,776,https://www.meesho.com/trendy-designer-men-tshirts/p/rycta,https://images.meesho.com/images/products/46952542/lngsm_400.jpg
8,Fancy Fashionista Men Shirts,321,3.7,7221,https://www.meesho.com/fancy-fashionista-men-shirts/p/64xx6,https://images.meesho.com/images/products/10308282/8b105_400.jpg
9,Trendy Fashionable Men Tshirts,225,3.6,3006,https://www.meesho.com/trendy-fashionable-men-tshirts/p/11hhg2,https://images.meesho.com/images/products/62961554/zfb37_400.jpg
10,Urbane Designer Men Tshirts,187,3.6,600,https://www.meesho.com/urbane-designer-men-tshirts/p/1p8976,https://images.meesho.com/images/products/102841746/4dtzp_400.jpg
11,Pretty Fashionable Men Tshirts,135,3.6,1115,https://www.meesho.com/pretty-fashionable-men-tshirts/p/eoqfb,https://images.meesho.com/images/products/24668615/a7038_400.jpg
12,Trendy Fashionable Men Shirts,279,3.9,2896,https://www.meesho.com/trendy-fashionable-men-shirts/p/iqboo,https://images.meesho.com/images/products/31461288/aw1rs_400.jpg
13,Stylish Retro Men Shirts,251,3.8,908,https://www.meesho.com/stylish-retro-men-shirts/p/18mh80,https://images.meesho.com/images/products/74951856/9skwb_400.jpg
14,Classy Fashionista Men Tshirts,124,3.8,516,https://www.meesho.com/classy-fashionista-men-tshirts/p/12z2vw,https://images.meesho.com/images/products/65462108/hsgjg_400.jpg
15,Vellical Men Shirts,298,3.8,5668,https://www.meesho.com/vellical-men-shirts/p/55t98,https://images.meesho.com/images/products/8669276/16a36_400.jpg
16,Comfy Fashionable Men Tshirts,138,3.8,5521,https://www.meesho.com/comfy-fashionable-men-tshirts/p/n4skp,https://images.meesho.com/images/products/38854825/h3rse_400.jpg
17,Classy Latest Men Tshirts,153,3.9,1120,https://www.meesho.com/classy-latest-men-tshirts/p/18itic,https://images.meesho.com/images/products/74781156/hfhwo_400.jpg
18,Youth First Men Shirts,250,3.9,4944,https://www.meesho.com/youth-first-men-shirts/p/bu7it,https://images.meesho.com/images/products/19885205/7c0ec_400.jpg
19,Classic Elegant Men Shirts,291,3.5,459,https://www.meesho.com/classic-elegant-men-shirts/p/l7udw,https://images.meesho.com/images/products/35637908/sb6qv_400.jpg
20,Classic Elegant Men Tshirts,214,3.7,557,https://www.meesho.com/classic-elegant-men-tshirts/p/188y7t,https://images.meesho.com/images/products/74320697/0ngcg_400.jpg
21,Classic Partywear Men Tshirts,273,3.7,242,https://www.meesho.com/classic-partywear-men-tshirts/p/1tge35,https://images.meesho.com/images/products/109939793/1vjvk_400.jpg
22,Austin wood Men Tshirts,272,4.0,13917,https://www.meesho.com/austin-wood-men-tshirts/p/3bfqm,https://images.meesho.com/images/products/5572462/1_400.jpg
23,Elegant Unique Men Jeans,351,3.7,1863,https://www.meesho.com/elegant-unique-men-jeans/p/xm1u8,https://images.meesho.com/images/products/56456144/uebwi_400.jpg
24,Classic Partywear Men Shirts,260,3.9,1614,https://www.meesho.com/classic-partywear-men-shirts/p/r8cx7,https://images.meesho.com/images/products/45739627/37hsi_400.jpg
25,Eyebogler Men Tshirts,120,4.0,1184,https://www.meesho.com/eyebogler-men-tshirts/p/ivnrl,https://images.meesho.com/images/products/31710225/s2jcw_400.jpg
26,Pretty Sensational Men Tshirts,273,3.8,613,https://www.meesho.com/pretty-sensational-men-tshirts/p/17jzrs,https://images.meesho.com/images/products/73156312/ywfuf_400.jpg
27,Fancy Fabulous Men Track Pants,278,3.6,1182,https://www.meesho.com/fancy-fabulous-men-track-pants/p/7aahx,https://images.meesho.com/images/products/12237477/bc01d_400.jpg
28,Manlino Men Tshirts,395,4.0,17369,https://www.meesho.com/manlino-men-tshirts/p/5mxiv,https://images.meesho.com/images/products/9467959/0178a_400.jpg
29,Pack of 2 Youth First Men Shirts,468,3.8,2582,https://www.meesho.com/pack-of-2-youth-first-men-shirts/p/pq3i6,https://images.meesho.com/images/products/43207998/kxrpr_400.jpg
30,Trendy Retro Top & Bottom Set,306,3.7,1222,https://www.meesho.com/trendy-retro-top-bottom-set/p/zn0kf,https://images.meesho.com/images/products/59860383/wivb7_400.jpg
31,Trendy Ravishing Men Tshirts,182,3.6,1837,https://www.meesho.com/trendy-ravishing-men-tshirts/p/vpvwc,https://images.meesho.com/images/products/53275836/yjtmo_400.jpg
32,Ethnic Stylish Premium Cotton Printed Men's Shirts Vol 4,345,3.9,14182,https://www.meesho.com/ethnic-stylish-premium-cotton-printed-mens-shirts-vol-4/p/1kv4b,https://images.meesho.com/images/products/2653067/1_400.jpg
33,Trendy Sensational Men Tshirts,238,4.0,210,https://www.meesho.com/trendy-sensational-men-tshirts/p/1w4eui,https://images.meesho.com/images/products/114419754/kbmbj_400.jpg
34,Trendy Elegant Men Tshirts,220,3.9,528,https://www.meesho.com/trendy-elegant-men-tshirts/p/146e1b,https://images.meesho.com/images/products/67482767/dysaf_400.jpg
35,Trendy Modern Men Tshirts,153,3.6,1374,https://www.meesho.com/trendy-modern-men-tshirts/p/zmmi0,https://images.meesho.com/images/products/59842152/iaske_400.jpg
36,Fashionable Fashionista Men Trousers,325,3.6,363,https://www.meesho.com/fashionable-fashionista-men-trousers/p/1iz622,https://images.meesho.com/images/products/92340074/ipoxs_400.jpg
37,Designer Fashionista Men Track Pants,470,3.7,5965,https://www.meesho.com/designer-fashionista-men-track-pants/p/anbnc,https://images.meesho.com/images/products/17884344/02285_400.jpg
38,Urbane Latest Men Shirts,300,3.9,189,https://www.meesho.com/urbane-latest-men-shirts/p/1s65i1,https://images.meesho.com/images/products/107782489/zmq6b_400.jpg
39,Men's Latest Cotton T-Shirts,228,3.7,1266,https://www.meesho.com/mens-latest-cotton-tshirts/p/108ea,https://images.meesho.com/images/products/1690498/1_400.jpg
40,Classic Fabulous Men Raincoats,584,4.0,226,https://www.meesho.com/classic-fabulous-men-raincoats/p/19c0wo,https://images.meesho.com/images/products/76143768/68bua_400.jpg
41,Stylish Partywear Men Tshirts,236,3.6,743,https://www.meesho.com/stylish-partywear-men-tshirts/p/10gn0a,https://images.meesho.com/images/products/61242490/lzwlv_400.jpg
42,Urbane Partywear Men Shirts,282,3.6,1863,https://www.meesho.com/urbane-partywear-men-shirts/p/ojv7t,https://images.meesho.com/images/products/41237705/rtawp_400.jpg
43,Stylish Men Tshirts,201,3.9,829,https://www.meesho.com/stylish-men-tshirts/p/b7psy,https://images.meesho.com/images/products/18835810/15a34_400.jpg
44,Trendy Modern Men Tshirts,213,3.6,2035,https://www.meesho.com/trendy-modern-men-tshirts/p/15kh51,https://images.meesho.com/images/products/69819589/mxirt_400.jpg
45,Trendy Designer Men Tshirts,227,3.5,88,https://www.meesho.com/trendy-designer-men-tshirts/p/1lz3zv,https://images.meesho.com/images/products/97376251/dcx0o_400.jpg
46,Classic Fabulous Men Shirts,300,3.8,1285,https://www.meesho.com/classic-fabulous-men-shirts/p/ud1sk,https://images.meesho.com/images/products/50997332/cnxxo_400.jpg
47,Fashionable Fabulous Men Shorts,207,3.9,584,https://www.meesho.com/fashionable-fabulous-men-shorts/p/1j9er7,https://images.meesho.com/images/products/92817907/njyyy_400.jpg
48,Stylish Fabulous Men Tshirts,229,3.8,1171,https://www.meesho.com/stylish-fabulous-men-tshirts/p/u7uo6,https://images.meesho.com/images/products/50754822/2wwt1_400.jpg
49,Fashionable Unique Men Shorts,163,3.8,417,https://www.meesho.com/fashionable-unique-men-shorts/p/1gwwzu,https://images.meesho.com/images/products/88875786/ko7qf_400.jpg
50,Smarty Men Vest,344,3.7,119,https://www.meesho.com/smarty-men-vest/p/1q2xzt,https://images.meesho.com/images/products/104273561/wlnob_400.jpg
51,Pretty Elegant Men Tshirts,145,3.7,752,https://www.meesho.com/pretty-elegant-men-tshirts/p/zmlvy,https://images.meesho.com/images/products/59841358/63pud_400.jpg
52,Classic Graceful Men Tshirts,176,3.6,682,https://www.meesho.com/classic-graceful-men-tshirts/p/92809,https://images.meesho.com/images/products/15220233/804bb_400.jpg
53,Comfy Elegant Men Tshirts,264,3.8,843,https://www.meesho.com/comfy-elegant-men-tshirts/p/dklcb,https://images.meesho.com/images/products/22795787/79e6c_400.jpg
54,Navratri Multicolor New Arrival Collection Of Mens T-Shirts,167,3.7,4516,https://www.meesho.com/navratri-multicolor-new-arrival-collection-of-mens-tshirts/p/oytv,https://images.meesho.com/images/products/1164883/1_400.jpg
55,Classy Latest Men Shirts,255,3.6,280,https://www.meesho.com/classy-latest-men-shirts/p/11klzp,https://images.meesho.com/images/products/63107413/iconz_400.jpg
56,Fancy Sensational Men Tshirts,193,3.9,2054,https://www.meesho.com/fancy-sensational-men-tshirts/p/9bo8k,https://images.meesho.com/images/products/15661172/b871f_400.jpg
57,Classy Modern Men Tshirts,200,3.6,166,https://www.meesho.com/classy-modern-men-tshirts/p/1843hz,https://images.meesho.com/images/products/74094263/vryge_400.jpg
58,Comfy Sensational Men Tshirts,181,3.6,296,https://www.meesho.com/comfy-sensational-men-tshirts/p/ey5de,https://images.meesho.com/images/products/25107890/34c71_400.jpg
59,Comfy Graceful Men Tshirts,274,3.9,455,https://www.meesho.com/comfy-graceful-men-tshirts/p/1ef04n,https://images.meesho.com/images/products/84680807/gldsz_400.jpg
60,Trendy Modern Men Shirts,388,3.8,392,https://www.meesho.com/trendy-modern-men-shirts/p/93mqq,https://images.meesho.com/images/products/15285986/b9xur_400.jpg
61,Trendy Graceful Men Shirts,345,3.6,575,https://www.meesho.com/trendy-graceful-men-shirts/p/163jxs,https://images.meesho.com/images/products/70709680/pjkpt_400.jpg
62,Classic Partywear Men Shirts,325,3.8,392,https://www.meesho.com/classic-partywear-men-shirts/p/15w7h3,https://images.meesho.com/images/products/70366935/8cckl_400.jpg
63,Classy Elegant Men Shirts,259,3.8,717,https://www.meesho.com/classy-elegant-men-shirts/p/o9tx7,https://images.meesho.com/images/products/40769467/rpl57_400.jpg
64,Pack of 2 Trendy Sensational Men Shirts,465,3.8,788,https://www.meesho.com/pack-of-2-trendy-sensational-men-shirts/p/16bjff,https://images.meesho.com/images/products/71082267/f6gp2_400.jpg
65,Classic Glamorous Men Shirts,246,3.8,695,https://www.meesho.com/classic-glamorous-men-shirts/p/11jrb1,https://images.meesho.com/images/products/63067645/ozorq_400.jpg
66,Vellical Men Shirts,295,3.9,15996,https://www.meesho.com/vellical-men-shirts/p/514v3,https://images.meesho.com/images/products/8451039/4e64b_400.jpg
67,Classy Retro Men Tshirts,186,3.5,1074,https://www.meesho.com/classy-retro-men-tshirts/p/asufm,https://images.meesho.com/images/products/18141970/9e3e3_400.jpg
68,Ravishing Modern Men track pant,341,3.8,454,https://www.meesho.com/ravishing-modern-men-track-pant/p/11wdp9,https://images.meesho.com/images/products/63656541/kdfcn_400.jpg
69,Stylus Men Vest,211,3.8,207,https://www.meesho.com/stylus-men-vest/p/1gv5qm,https://images.meesho.com/images/products/88793806/uq0vn_400.jpg
70,Trendy Glamorous Men Tshirts,176,3.8,833,https://www.meesho.com/trendy-glamorous-men-tshirts/p/q5zaa,https://images.meesho.com/images/products/43949026/bjzbm_400.jpg
71,Stylish Fashionista Men Tshirts,183,3.7,2371,https://www.meesho.com/stylish-fashionista-men-tshirts/p/7gxig,https://images.meesho.com/images/products/12547240/ee3b5_400.jpg
72,Comfy Fashionable Men Tshirts,201,4.1,2068,https://www.meesho.com/comfy-fashionable-men-tshirts/p/p3rl9,https://images.meesho.com/images/products/42166125/o1yos_400.jpg
73,Fancy Latest Men Trousers,353,3.9,1015,https://www.meesho.com/fancy-latest-men-trousers/p/8cwhd,https://images.meesho.com/images/products/14038897/1135b_400.jpg
74,Stylish Latest Men Track Pants,262,3.7,630,https://www.meesho.com/stylish-latest-men-track-pants/p/1bvjkz,https://images.meesho.com/images/products/80413667/kqc22_400.jpg
75,Fancy Fashionista Men Tshirts,180,3.7,351,https://www.meesho.com/fancy-fashionista-men-tshirts/p/zqrvq,https://images.meesho.com/images/products/60035750/eizns_400.jpg
76,Casual Glamarous Men Track Pants,230,3.7,296,https://www.meesho.com/casual-glamarous-men-track-pants/p/1dpk02,https://images.meesho.com/images/products/83493506/njicz_400.jpg
77,Classy Elegant Men Shirts,359,3.6,697,https://www.meesho.com/classy-elegant-men-shirts/p/15t2dg,https://images.meesho.com/images/products/70220356/vsp4d_400.jpg
78,Ravishing Unique Men Shorts,122,3.8,1188,https://www.meesho.com/ravishing-unique-men-shorts/p/pyp13,https://images.meesho.com/images/products/43609143/y6mnn_400.jpg
79,Pack of 2 Trendy Latest Men Tshirts,314,3.8,7148,https://www.meesho.com/pack-of-2-trendy-latest-men-tshirts/p/azly1,https://images.meesho.com/images/products/18457561/ef507_400.jpg
80,Trendy Latest Men Raincoats,345,3.6,23,https://www.meesho.com/trendy-latest-men-raincoats/p/1vrgkh,https://images.meesho.com/images/products/113815457/sxb6a_400.jpg
81,Casual Fabulous Men Track Pants,560,3.9,190,https://www.meesho.com/casual-fabulous-men-track-pants/p/1ekqw9,https://images.meesho.com/images/products/84948777/mksuh_400.jpg
82,Casual Fabulous Men Track Pants,153,3.7,60,https://www.meesho.com/casual-fabulous-men-track-pants/p/1vfxfy,https://images.meesho.com/images/products/113277454/f4yuo_400.jpg
83,Fancy Graceful Men Tshirts,247,3.7,815,https://www.meesho.com/fancy-graceful-men-tshirts/p/19j4n5,https://images.meesho.com/images/products/76475201/hdzzc_400.jpg
84,Classy Graceful Men Raincoats,506,3.7,101,https://www.meesho.com/classy-graceful-men-raincoats/p/1sd50w,https://images.meesho.com/images/products/108108464/trq5f_400.jpg
85,Trendy Latest Men Tshirts,144,3.6,252,https://www.meesho.com/trendy-latest-men-tshirts/p/1jn07l,https://images.meesho.com/images/products/93452241/9ony5_400.jpg
86,Trendy Men's Cotton Vests,145,3.8,1486,https://www.meesho.com/trendy-mens-cotton-vests/p/449hl,https://images.meesho.com/images/products/6917385/964f2_400.jpg
87,Trendy Men's Shirts,440,3.9,3145,https://www.meesho.com/trendy-mens-shirts/p/6uyaw,https://images.meesho.com/images/products/11521832/35905_400.jpg
88,Comfy Fabulous Men Tshirts,268,3.7,109,https://www.meesho.com/comfy-fabulous-men-tshirts/p/1a5t4p,https://images.meesho.com/images/products/77533369/qeqou_400.jpg
89,Classy Ravishing Men Tshirts,198,3.7,267,https://www.meesho.com/classy-ravishing-men-tshirts/p/1mdcfc,https://images.meesho.com/images/products/98040360/wrcnn_400.jpg
90,Classy Sensational Men Tshirts,216,3.8,357,https://www.meesho.com/classy-sensational-men-tshirts/p/1kpl3t,https://images.meesho.com/images/products/95252249/yuiwk_400.jpg
91,Pretty Sensational Men Shirts,245,3.9,153,https://www.meesho.com/pretty-sensational-men-shirts/p/18mn7i,https://images.meesho.com/images/products/74959614/2empm_400.jpg
92,Trendy Sensational Men Shirts,381,3.8,129,https://www.meesho.com/trendy-sensational-men-shirts/p/p1070,https://images.meesho.com/images/products/42037308/hkfhe_400.jpg
93,Trendy Latest Men Tshirts,285,3.5,142,https://www.meesho.com/trendy-latest-men-tshirts/p/1bz53q,https://images.meesho.com/images/products/80581526/ex4m0_400.jpg
94,Fancy Graceful Men Tshirts,291,3.8,1128,https://www.meesho.com/fancy-graceful-men-tshirts/p/kzxa1,https://images.meesho.com/images/products/35268409/vjoe9_400.jpg
95,Ravishing Latest Men Track Pants,554,3.6,914,https://www.meesho.com/ravishing-latest-men-track-pants/p/xp056,https://images.meesho.com/images/products/56593914/lnird_400.jpg
96,Classic Designer Men Shirts,441,3.9,2567,https://www.meesho.com/classic-designer-men-shirts/p/73ww3,https://images.meesho.com/images/products/11939907/145a3_400.jpg
97,Designer Glamarous Men Shorts,415,3.7,365,https://www.meesho.com/designer-glamarous-men-shorts/p/162sqz,https://images.meesho.com/images/products/70674443/qh6ua_400.jpg
98,Pretty Elegant Men Shirts,325,3.6,18,https://www.meesho.com/pretty-elegant-men-shirts/p/20c76m,https://images.meesho.com/images/products/121501534/qsxji_400.jpg
99,Urbane Glamorous Men Tshirts,204,3.8,166,https://www.meesho.com/urbane-glamorous-men-tshirts/p/18wzxm,https://images.meesho.com/images/products/75442666/nzzay_400.jpg
100,Elegant Modern Men Tracksuits,752,3.7,750,https://www.meesho.com/elegant-modern-men-tracksuits/p/u0yqb,https://images.meesho.com/images/products/50433491/mnoks_400.jpg
101,Stylish Fashionable Men Shirts,324,3.8,83,https://www.meesho.com/stylish-fashionable-men-shirts/p/1ympby,https://images.meesho.com/images/products/118632382/zbay8_400.jpg
102,Stylish Graceful Men Tshirts,170,3.8,1760,https://www.meesho.com/stylish-graceful-men-tshirts/p/nxbwy,https://images.meesho.com/images/products/40186258/tvy0u_400.jpg
103,Comfy Elegant Men Tshirts,207,3.8,381,https://www.meesho.com/comfy-elegant-men-tshirts/p/1lysla,https://images.meesho.com/images/products/97361470/bx4mv_400.jpg
104,Gorgeous Unique Men Trousers,486,3.7,896,https://www.meesho.com/gorgeous-unique-men-trousers/p/f26wb,https://images.meesho.com/images/products/25296491/cf5ad_400.jpg
105,Urbane Elegant Men Tshirts,256,3.8,306,https://www.meesho.com/urbane-elegant-men-tshirts/p/17w7w3,https://images.meesho.com/images/products/73726707/8tpcd_400.jpg
106,Pack of 2 Urbane Fashionista Men Tshirts,267,3.9,548,https://www.meesho.com/pack-of-2-urbane-fashionista-men-tshirts/p/lrq45,https://images.meesho.com/images/products/36565493/yf8qw_400.jpg
107,Trendy Retro Men Shirts,319,3.9,1127,https://www.meesho.com/trendy-retro-men-shirts/p/p70ki,https://images.meesho.com/images/products/42317730/apuqc_400.jpg
108,Urbane Fabulous Men Tshirts,187,3.9,950,https://www.meesho.com/urbane-fabulous-men-tshirts/p/c5fbc,https://images.meesho.com/images/products/20408520/ae87a_400.jpg
109,Youth First Men Shirts,277,3.8,1181,https://www.meesho.com/youth-first-men-shirts/p/35mgq,https://images.meesho.com/images/products/5301242/1_400.jpg
110,Fancy Fashionista Men Shirts,170,3.5,148,https://www.meesho.com/fancy-fashionista-men-shirts/p/18jei4,https://images.meesho.com/images/products/74808364/afwn3_400.jpg
111,Trendy Elegant Men Tshirts,142,3.5,1839,https://www.meesho.com/trendy-elegant-men-tshirts/p/2yiii,https://images.meesho.com/images/products/4969530/1_400.jpg
112,Comfy Glamorous Men Tshirts,77,3.8,6,https://www.meesho.com/comfy-glamorous-men-tshirts/p/2151x6,https://images.meesho.com/images/products/122847738/hnmvd_400.jpg
113,Stylish Urbane Cotton Regular Fit Printed Men's T-Shirts Vol 1,177,4.0,1032,https://www.meesho.com/stylish-urbane-cotton-regular-fit-printed-mens-tshirts-vol-1/p/1ebf6,https://images.meesho.com/images/products/2347602/1_400.jpg
114,Urbane Ravishing Men Tshirts,176,3.7,77,https://www.meesho.com/urbane-ravishing-men-tshirts/p/1dul26,https://images.meesho.com/images/products/83728158/qdnzt_400.jpg
115,Classic Fashionable Men Sweatshirts,458,3.8,259,https://www.meesho.com/classic-fashionable-men-sweatshirts/p/wr2wa,https://images.meesho.com/images/products/55011178/qd1hp_400.jpg
116,Fancy Partywear Men Shirts,326,3.9,642,https://www.meesho.com/fancy-partywear-men-shirts/p/s7qly,https://images.meesho.com/images/products/47390326/lppqw_400.jpg
117,Trendy Latest Men Shirts,303,3.9,1283,https://www.meesho.com/trendy-latest-men-shirts/p/ud6vx,https://images.meesho.com/images/products/51003933/apj9c_400.jpg
118,Fashionable Fabulous Men Shorts,490,4.2,765,https://www.meesho.com/fashionable-fabulous-men-shorts/p/12z0bp,https://images.meesho.com/images/products/65458789/rydge_400.jpg
119,Urbane Sensational Men Tshirts,197,3.8,596,https://www.meesho.com/urbane-sensational-men-tshirts/p/13pojh,https://images.meesho.com/images/products/66703229/9am8o_400.jpg
120,Classy Fashionista Men Shirts,301,3.7,988,https://www.meesho.com/classy-fashionista-men-shirts/p/s83hf,https://images.meesho.com/images/products/47407011/nwzxq_400.jpg
121,Sassy Men Vest,258,3.9,111,https://www.meesho.com/sassy-men-vest/p/1wu6rk,https://images.meesho.com/images/products/115622336/xlo7t_400.jpg
122,Trendy Sensational Men Sweatshirts,599,3.9,562,https://www.meesho.com/trendy-sensational-men-sweatshirts/p/wr37n,https://images.meesho.com/images/products/55011587/38tcq_400.jpg
123,Classic Partywear Men Raincoats,645,3.8,41,https://www.meesho.com/classic-partywear-men-raincoats/p/1w2gsn,https://images.meesho.com/images/products/114328967/aartg_400.jpg
124,Stylus Men Vest,158,3.9,167,https://www.meesho.com/stylus-men-vest/p/paow0,https://images.meesho.com/images/products/42489216/9z4io_400.jpg
125,Casual Fabulous Men Trousers,288,3.6,328,https://www.meesho.com/casual-fabulous-men-trousers/p/ytomq,https://images.meesho.com/images/products/58491890/ffe1q_400.jpg
126,Classic Graceful Men Tshirts,138,3.6,465,https://www.meesho.com/classic-graceful-men-tshirts/p/173ttv,https://images.meesho.com/images/products/72402115/zghzf_400.jpg
127,Youth First Men Shirts,259,3.8,4356,https://www.meesho.com/youth-first-men-shirts/p/4imj8,https://images.meesho.com/images/products/7587476/f6fe9_400.jpg
128,Trendy Men's Tshirts Vol 1,245,3.7,802,https://www.meesho.com/trendy-mens-tshirts-vol-1/p/3d0kl,https://images.meesho.com/images/products/5646117/m7xvj_400.jpg
129,Stylus Men Vest,127,3.8,473,https://www.meesho.com/stylus-men-vest/p/51ehj,https://images.meesho.com/images/products/8463511/b87c0_400.jpg
130,Jogger's park Men Track Pants,227,3.9,6656,https://www.meesho.com/joggers-park-men-track-pants/p/19zpk,https://images.meesho.com/images/products/2145800/1_400.jpg
131,Stylish Graceful Men Tshirts,278,3.6,22,https://www.meesho.com/stylish-graceful-men-tshirts/p/1r10s5,https://images.meesho.com/images/products/105863477/rr4tk_400.jpg
132,Adwyn Peter Men Shirts,441,4.1,9040,https://www.meesho.com/adwyn-peter-men-shirts/p/50pwa,https://images.meesho.com/images/products/8431642/58cc1_400.jpg
133,Classic Partywear Men Shirts,440,3.9,1748,https://www.meesho.com/classic-partywear-men-shirts/p/nvx2z,https://images.meesho.com/images/products/40120379/7okez_400.jpg
134,Trendy Modern Men Raincoats,314,3.5,101,https://www.meesho.com/trendy-modern-men-raincoats/p/1hf7ye,https://images.meesho.com/images/products/89729798/tmubk_400.jpg
135,Stylish Retro Men Shirts,313,3.6,596,https://www.meesho.com/stylish-retro-men-shirts/p/16wped,https://images.meesho.com/images/products/72069781/wt8as_400.jpg
136,Trendy Graceful Men Shirts,301,3.8,63,https://www.meesho.com/trendy-graceful-men-shirts/p/1wq8er,https://images.meesho.com/images/products/115437843/xwls5_400.jpg
137,Pack of 2 Urbane Glamorous Men Tshirts,339,4.0,3573,https://www.meesho.com/pack-of-2-urbane-glamorous-men-tshirts/p/8ib6u,https://images.meesho.com/images/products/14291238/8340a_400.jpg
138,Urbane Fashionable Men Tshirts,218,3.5,252,https://www.meesho.com/urbane-fashionable-men-tshirts/p/153p8o,https://images.meesho.com/images/products/69036936/bbm5u_400.jpg
139,Essential Men Kurtas,259,3.7,243,https://www.meesho.com/essential-men-kurtas/p/19hvgl,https://images.meesho.com/images/products/76416645/unml6_400.jpg
140,Pack of 2 Stylish Graceful Men Tshirts,244,3.8,799,https://www.meesho.com/pack-of-2-stylish-graceful-men-tshirts/p/eqfdf,https://images.meesho.com/images/products/24747603/60ca6_400.jpg
141,Urbane Designer Men Tshirts,171,3.7,185,https://www.meesho.com/urbane-designer-men-tshirts/p/14jpmp,https://images.meesho.com/images/products/68104321/abk1m_400.jpg
142,Fancy Retro Men Tshirts,189,3.6,816,https://www.meesho.com/fancy-retro-men-tshirts/p/11nbjn,https://images.meesho.com/images/products/63233843/w8jsd_400.jpg
143,Comfy Men Vest,152,3.9,477,https://www.meesho.com/comfy-men-vest/p/uucwd,https://images.meesho.com/images/products/51804877/c4tdf_400.jpg
144,Pack of 3 Men's Casual Cotton Blend shirts Combo Vol 15,433,3.6,590,https://www.meesho.com/pack-of-3-mens-casual-cotton-blend-shirts-combo-vol-15/p/1wz2j,https://images.meesho.com/images/products/3218059/1_400.jpg
145,Stylish Glamarous Men Jeans,383,3.8,150,https://www.meesho.com/stylish-glamarous-men-jeans/p/1vjs3b,https://images.meesho.com/images/products/113457143/flnmj_400.jpg
146,Comfy Partywear Men Tshirts,211,3.8,1087,https://www.meesho.com/comfy-partywear-men-tshirts/p/3fsu6,https://images.meesho.com/images/products/5776062/1_400.jpg
147,Classy Elegant Men Tshirts,138,3.9,172,https://www.meesho.com/classy-elegant-men-tshirts/p/ztv06,https://images.meesho.com/images/products/60179766/k3z6d_400.jpg
148,Classic Graceful Men  Vests,170,4.0,97,https://www.meesho.com/classic-graceful-men-vests/p/1q53ai,https://images.meesho.com/images/products/104373738/kh0vk_400.jpg
149,Casual Men Vest,284,4.0,40,https://www.meesho.com/casual-men-vest/p/1ptdoi,https://images.meesho.com/images/products/103827330/wc58x_400.jpg
150,Stylish Fabulous Men Tshirts,128,3.6,67,https://www.meesho.com/stylish-fabulous-men-tshirts/p/173x4v,https://images.meesho.com/images/products/72406399/9npwc_400.jpg
151,Pack of 5 Pretty Retro Men Tshirts,353,3.8,382,https://www.meesho.com/pack-of-5-pretty-retro-men-tshirts/p/188arc,https://images.meesho.com/images/products/74290296/38z5t_400.jpg
152,Classic Men's T-Shirt,252,3.8,923,https://www.meesho.com/classic-mens-tshirt/p/35zaw,https://images.meesho.com/images/products/5317880/1_400.jpg
153,Trendy Retro Men Tshirts,371,3.8,657,https://www.meesho.com/trendy-retro-men-tshirts/p/syoi0,https://images.meesho.com/images/products/48647304/tq4te_400.jpg
154,Classy Men Kurtas,267,3.9,1233,https://www.meesho.com/classy-men-kurtas/p/d6650,https://images.meesho.com/images/products/22122900/e0f88_400.jpg
155,Classic Modern Men Shirts,325,3.9,84,https://www.meesho.com/classic-modern-men-shirts/p/1u9u1y,https://images.meesho.com/images/products/111313510/36aqe_400.jpg
156,Smarty Men Vest,182,4.1,633,https://www.meesho.com/smarty-men-vest/p/vn13h,https://images.meesho.com/images/products/53142605/jczgo_400.jpg
157,Casual Modern Men Track Pants,594,4.0,121,https://www.meesho.com/casual-modern-men-track-pants/p/1uq6lj,https://images.meesho.com/images/products/112076263/ygxum_400.jpg
158,Fancy Graceful Men Shirts,248,3.6,185,https://www.meesho.com/fancy-graceful-men-shirts/p/zxrrx,https://images.meesho.com/images/products/60362205/0bzlh_400.jpg
159,Gorgeous Latest Men Track Pants,345,4.0,919,https://www.meesho.com/gorgeous-latest-men-track-pants/p/asrr4,https://images.meesho.com/images/products/18138496/14ede_400.jpg
160,Urbane Ravishing Men Shirts,265,3.7,432,https://www.meesho.com/urbane-ravishing-men-shirts/p/12bwjv,https://images.meesho.com/images/products/64380811/lvwxh_400.jpg
161,Ravishing Trendy Men Track Pants,390,3.8,228,https://www.meesho.com/ravishing-trendy-men-track-pants/p/1cfzrm,https://images.meesho.com/images/products/81367762/u6hpk_400.jpg
162,Trendy Latest Men Tshirts,190,3.6,490,https://www.meesho.com/trendy-latest-men-tshirts/p/uystz,https://images.meesho.com/images/products/52012151/52ldk_400.jpg
163,Stylish Trendy Men Trousers,451,3.8,187,https://www.meesho.com/stylish-trendy-men-trousers/p/1dd7e5,https://images.meesho.com/images/products/82917293/3sugp_400.jpg
164,Stylish Elegant Men Tshirts,250,3.8,466,https://www.meesho.com/stylish-elegant-men-tshirts/p/125hel,https://images.meesho.com/images/products/64081245/wpick_400.jpg
165,Urbane Men Kurtas,379,3.9,61,https://www.meesho.com/urbane-men-kurtas/p/1yxmvh,https://images.meesho.com/images/products/119142413/umywk_400.jpg
166,Ravishing Latest Men Shorts,431,4.0,873,https://www.meesho.com/ravishing-latest-men-shorts/p/wnud7,https://images.meesho.com/images/products/54860155/x2ddn_400.jpg
167,Elegant Men Tshirts,196,3.8,1155,https://www.meesho.com/elegant-men-tshirts/p/2l8tq,https://images.meesho.com/images/products/4350446/1_400.jpg
168,Trendy Latest Men Shirts,426,3.6,325,https://www.meesho.com/trendy-latest-men-shirts/p/zb2do,https://images.meesho.com/images/products/59302860/nqgx8_400.jpg
169,Casual Trendy Men Track Pants,258,3.7,2511,https://www.meesho.com/casual-trendy-men-track-pants/p/n4nmz,https://images.meesho.com/images/products/38848427/vfusi_400.jpg
170,Stylish Fashionista Men Tshirts,269,4.0,10,https://www.meesho.com/stylish-fashionista-men-tshirts/p/25m4l9,https://images.meesho.com/images/products/130362813/zijii_400.jpg
171,Stylish Glamarous Men Jeans,1107,3.6,625,https://www.meesho.com/stylish-glamarous-men-jeans/p/13itf7,https://images.meesho.com/images/products/66382963/wtqyv_400.jpg
172,Stylish Fabulous Men Trousers,707,3.7,193,https://www.meesho.com/stylish-fabulous-men-trousers/p/1f5p0s,https://images.meesho.com/images/products/85926124/qhrq4_400.jpg
173,Comfy Latest Men Shirts,255,3.9,29,https://www.meesho.com/comfy-latest-men-shirts/p/22mhug,https://images.meesho.com/images/products/125341144/2ng5s_400.jpg
174,Comfy Graceful Men Shirts,440,3.8,544,https://www.meesho.com/comfy-graceful-men-shirts/p/s7f28,https://images.meesho.com/images/products/47375360/9dgmy_400.jpg
175,Classy Glamorous Men Tshirts,170,3.7,81,https://www.meesho.com/classy-glamorous-men-tshirts/p/1qwftc,https://images.meesho.com/images/products/105649680/wraxq_400.jpg
176,Classic Elegant Men Shirts,274,3.7,2735,https://www.meesho.com/classic-elegant-men-shirts/p/oy80w,https://images.meesho.com/images/products/41907488/jzfyi_400.jpg
177,Trendy Sensational Men Shirts,255,3.8,627,https://www.meesho.com/trendy-sensational-men-shirts/p/157ljt,https://images.meesho.com/images/products/69218777/ymk4v_400.jpg
178,Gorgeous Trendy Men Trousers,1074,3.8,153,https://www.meesho.com/gorgeous-trendy-men-trousers/p/14fge7,https://images.meesho.com/images/products/67905727/h6jmx_400.jpg
179,Pretty Designer Men Tshirts,190,3.6,411,https://www.meesho.com/pretty-designer-men-tshirts/p/10tz6u,https://images.meesho.com/images/products/61864806/qohrh_400.jpg
180,Comfy Sensational Men Tshirts,172,3.7,1465,https://www.meesho.com/comfy-sensational-men-tshirts/p/bibph,https://images.meesho.com/images/products/19330757/3da06_400.jpg
181,Comfy Fashionable Men Shirts,281,3.8,3320,https://www.meesho.com/comfy-fashionable-men-shirts/p/pjxuz,https://images.meesho.com/images/products/42920747/fy2bw_400.jpg
182,Try This Men Tshirts,165,3.8,666,https://www.meesho.com/try-this-men-tshirts/p/axvxk,https://images.meesho.com/images/products/18377192/3744e_400.jpg
183,Pack of 2 Youth First Men Shirts,456,3.8,1178,https://www.meesho.com/pack-of-2-youth-first-men-shirts/p/5i387,https://images.meesho.com/images/products/9242071/1d867_400.jpg
184,Urbane Ravishing Men Tshirts,519,4.0,232,https://www.meesho.com/urbane-ravishing-men-tshirts/p/9vrxd,https://images.meesho.com/images/products/16599073/d313a_400.jpg
185,Rigo International Men Tshirts,226,3.9,2146,https://www.meesho.com/rigo-international-men-tshirts/p/eojzr,https://images.meesho.com/images/products/24660279/b4e36_400.jpg
186,Fancy Ravishing Men Shirts,278,3.8,406,https://www.meesho.com/fancy-ravishing-men-shirts/p/iqdn2,https://images.meesho.com/images/products/31463822/550gy_400.jpg
187,Urbane Partywear Raincoats,259,3.6,216,https://www.meesho.com/urbane-partywear-raincoats/p/svnsl,https://images.meesho.com/images/products/48506421/dfsqe_400.jpg
188,Divine Elegant Khadi Cotton Men'S Kurtas Vol 1,221,4.2,1394,https://www.meesho.com/divine-elegant-khadi-cotton-mens-kurtas-vol-1/p/1yojs,https://images.meesho.com/images/products/3297736/1_400.jpg
189,Urbane Designer Men Shirts,570,4.0,1113,https://www.meesho.com/urbane-designer-men-shirts/p/j0pq1,https://images.meesho.com/images/products/31946041/1f8bc_400.jpg
190,Maleno Men Trousers,377,3.8,360,https://www.meesho.com/maleno-men-trousers/p/ya1aw,https://images.meesho.com/images/products/57575192/ufvpt_400.jpg
191,Stylish Fashionista Men Shirts,329,4.0,104,https://www.meesho.com/stylish-fashionista-men-shirts/p/1bnrq0,https://images.meesho.com/images/products/80050968/u3wxp_400.jpg
192,Youth First Men Shirts,255,3.8,1211,https://www.meesho.com/youth-first-men-shirts/p/ocg4u,https://images.meesho.com/images/products/40891566/jqixh_400.jpg
193,Trendy Retro Men Tshirts,221,3.8,5258,https://www.meesho.com/trendy-retro-men-tshirts/p/djdfh,https://images.meesho.com/images/products/22738877/58d76_400.jpg
194,Urbane Fashionista Men Tshirts,171,3.8,108,https://www.meesho.com/urbane-fashionista-men-tshirts/p/1rm5qx,https://images.meesho.com/images/products/106849689/qn2m2_400.jpg
195,Trendy Stylish 100% Cotton Men's T-Shirts Vol 5,198,3.6,5385,https://www.meesho.com/trendy-stylish-100-cotton-mens-tshirts-vol-5/p/1jpmj,https://images.meesho.com/images/products/2599291/1_400.jpg
196,Fancy Designer Men Tshirts,130,3.8,88,https://www.meesho.com/fancy-designer-men-tshirts/p/1lnjvr,https://images.meesho.com/images/products/96836967/6gath_400.jpg
197,Pretty Latest Men Shirts,253,4.0,2262,https://www.meesho.com/pretty-latest-men-shirts/p/6s02x,https://images.meesho.com/images/products/11384169/79129_400.jpg
198,Classy Fabulous Men Raincoats,645,4.1,18,https://www.meesho.com/classy-fabulous-men-raincoats/p/1x6k54,https://images.meesho.com/images/products/116199544/ovuij_400.jpg
199,Gorgeous Fabulous Men Jeans,381,3.8,758,https://www.meesho.com/gorgeous-fabulous-men-jeans/p/scpbh,https://images.meesho.com/images/products/47621933/ig4sn_400.jpg
200,Classy Ravishing Men Tshirts,255,4.0,16,https://www.meesho.com/classy-ravishing-men-tshirts/p/21vu7t,https://images.meesho.com/images/products/124097465/jj6sm_400.jpg
